timeOpen,Date,timeHigh,timeLow,name,open,high,low,Close,volume,marketCap,timestamp
2/28/25 10:00,2025-03-31T23:59:59.999Z,3/13/25 3:00,2/28/25 13:18,2781,2859.8413240000,3162.0318700000,2846.9309990000,3147.9853460000,1446339612.64,683320181.06,2025-03-31T23:59:59.999Z
1/31/25 10:00,2025-02-28T23:59:59.999Z,2/10/25 11:19,2/1/25 9:06,2781,2803.7768490000,2995.6418370000,2775.8264140000,2859.8418650000,1067330183.2,598163427.63,2025-02-28T23:59:59.999Z
12/31/24 10:00,2025-01-31T23:59:59.999Z,1/13/25 3:40,12/31/24 18:58,2781,2627.8029770000,2818.287813000,2622.1656220000,2803.6503260000,652144597.85,567405567.9,2025-01-31T23:59:59.999Z
11/30/24 10:00,2024-12-31T23:59:59.999Z,12/5/24 8:37,12/7/24 15:58,2781,2639.064768000,2711.0729970000,2599.9658750000,2627.8029770000,577084851.64,524396310.6,2024-12-31T23:59:59.999Z
10/31/24 10:00,2024-11-30T23:59:59.999Z,10/31/24 13:43,11/5/24 21:22,2781,2750.8981880000,2764.9599440000,2549.6362470000,2639.064768000,528554966.13,522454715.01,2024-11-30T23:59:59.999Z
9/30/24 10:00,2024-10-31T23:59:59.999Z,10/12/24 15:38,10/4/24 4:21,2781,2635.9316860000,2785.5365250000,2615.8758240000,2750.8981880000,346079086.63,541279023.93,2024-10-31T23:59:59.999Z
8/31/24 10:00,2024-09-30T23:59:59.999Z,9/10/24 21:54,9/2/24 1:07,2781,2496.4095330000,2675.6520380000,2476.3526220000,2635.9316860000,237190062.48,504840761.43,2024-09-30T23:59:59.999Z
7/31/24 10:00,2024-08-31T23:59:59.999Z,8/11/24 4:25,8/2/24 4:34,2781,2430.6157820000,2524.2009760000,2343.4445010000,2496.4095330000,346064348.45,471110623.93,2024-08-31T23:59:59.999Z
6/30/24 10:00,2024-07-31T23:59:59.999Z,7/7/24 4:18,6/30/24 10:48,2781,2308.6760570000,2462.8741420000,2306.9324860000,2430.6025660000,245819823.87,454695853.33,2024-07-31T23:59:59.999Z
5/31/24 10:00,2024-06-30T23:59:59.999Z,6/3/24 3:24,6/11/24 12:06,2781,2330.9317320000,2368.3183900000,2288.7289790000,2308.7834940000,172739550.36,429093334.48,2024-06-30T23:59:59.999Z
4/30/24 10:00,2024-05-31T23:59:59.999Z,5/8/24 10:36,5/2/24 4:16,2781,2299.8058230000,2425.5879280000,2275.6051370000,2330.9317320000,283334025.76,429476931.48,2024-05-31T23:59:59.999Z
3/31/24 10:00,2024-04-30T23:59:59.999Z,4/5/24 10:50,3/31/24 15:15,2781,2220.925647000,3097.8984790000,2213.7000580000,2299.8058230000,563055196.75,423743160.21,2024-04-30T23:59:59.999Z
2/29/24 10:00,2024-03-31T23:59:59.999Z,3/12/24 13:41,2/29/24 10:00,2781,1996.333316000,2221.4251090000,1996.333316000,2220.9312420000,384896812.13,408310197.67,2024-03-31T23:59:59.999Z
1/31/24 10:00,2024-02-29T23:59:59.999Z,1/31/24 17:32,2/6/24 12:36,2781,2018.7346470000,2042.2624040000,1975.9956530000,1995.5349770000,211915822.11,397914481.63,2024-02-29T23:59:59.999Z
12/31/23 10:00,2024-01-31T23:59:59.999Z,1/1/24 2:55,1/4/24 21:45,2781,2026.7023670000,2047.1374250000,1991.5938490000,2019.1053920000,206232874.33,419404610.52,2024-01-31T23:59:59.999Z
11/30/23 10:00,2023-12-31T23:59:59.999Z,12/1/23 9:58,12/5/23 17:01,2781,2021.5870680000,2086.1228320000,1954.8131710000,2026.4564300000,229434735.8,438586731.08,2023-12-31T23:59:59.999Z
10/31/23 10:00,2023-11-30T23:59:59.999Z,11/12/23 5:53,11/4/23 14:41,2781,1969.3820070000,2029.7731210000,1914.0314830000,2021.5324930000,220099692.63,467840012.28,2023-11-30T23:59:59.999Z
9/30/23 10:00,2023-10-31T23:59:59.999Z,10/11/23 17:21,10/1/23 17:42,2781,1869.9539000000,1992.2713420000,1824.6966250000,1969.420736000,232106186.9,480088176.32,2023-10-31T23:59:59.999Z
8/31/23 10:00,2023-09-30T23:59:59.999Z,9/8/23 15:24,9/12/23 10:11,2781,1918.4257980000,1933.6235460000,1865.639393000,1870.1084450000,116102503.32,463634368.41,2023-09-30T23:59:59.999Z
7/31/23 10:00,2023-08-31T23:59:59.999Z,7/31/23 10:56,8/7/23 3:54,2781,1954.6233420000,1955.1469150000,1871.061045000,1918.4211270000,168437288.64,477945208.64,2023-08-31T23:59:59.999Z
6/30/23 10:00,2023-07-31T23:59:59.999Z,7/11/23 8:10,7/2/23 17:03,2781,1902.0849570000,1962.6742660000,1887.2015820000,1954.4085360000,209283037.3,485364384.64,2023-07-31T23:59:59.999Z
5/31/23 10:00,2023-06-30T23:59:59.999Z,5/31/23 17:19,6/12/23 6:08,2781,1970.0489600000,1987.2422150000,1886.7586200000,1901.8287280000,266087354.12,483478950.95,2023-06-30T23:59:59.999Z
4/30/23 10:00,2023-05-31T23:59:59.999Z,5/2/23 4:05,5/12/23 19:45,2781,2000.9428160000,2052.3907720000,1950.0862410000,1969.7386840000,267867080.29,518970100.11,2023-05-31T23:59:59.999Z
3/31/23 10:00,2023-04-30T23:59:59.999Z,4/5/23 14:30,4/1/23 14:06,2781,1978.233240000,2050.5960320000,1969.1425190000,2000.9384410000,348063231.68,542781984.89,2023-04-30T23:59:59.999Z
2/28/23 10:00,2023-03-31T23:59:59.999Z,3/8/23 15:45,3/3/23 17:17,2781,1809.0998820000,2014.6546380000,1801.1007150000,1978.3169120000,564165063.22,536645585,2023-03-31T23:59:59.999Z
1/31/23 10:00,2023-02-28T23:59:59.999Z,1/31/23 22:39,2/5/23 19:36,2781,1899.4546360000,1924.1384150000,1757.7421700000,1808.8713340000,339661224.62,490681148.85,2023-02-28T23:59:59.999Z
12/31/22 10:00,2023-01-31T23:59:59.999Z,1/10/23 20:46,12/31/22 14:08,2781,1819.5971880000,1925.5905400000,1817.4446700000,1900.0236410000,319424612,515407461.83,2023-01-31T23:59:59.999Z
11/30/22 10:00,2022-12-31T23:59:59.999Z,12/13/22 3:15,11/30/22 10:07,2781,1763.0827210000,1824.4515770000,1762.6721010000,1819.5470630000,285393295.74,493577086.72,2022-12-31T23:59:59.999Z
10/31/22 10:00,2022-11-30T23:59:59.999Z,11/4/22 17:03,11/1/22 7:48,2781,1627.9162490000,1780.4449850000,1615.0128630000,1762.9130550000,754346920.66,573316039.72,2022-11-30T23:59:59.999Z
9/30/22 10:00,2022-10-31T23:59:59.999Z,10/1/22 17:51,10/8/22 20:26,2781,1655.9614410000,1720.7603270000,1613.7454770000,1627.891719000,246475814.74,529405820.94,2022-10-31T23:59:59.999Z
8/31/22 10:00,2022-09-30T23:59:59.999Z,9/5/22 6:29,9/11/22 23:39,2781,1704.902667000,1729.5274540000,1609.2299030000,1655.7317310000,420373742.94,538459656.79,2022-09-30T23:59:59.999Z
7/31/22 10:00,2022-08-31T23:59:59.999Z,8/5/22 21:31,8/13/22 0:31,2781,1762.6593950000,1798.5024210000,1702.828922000,1704.7831080000,493387336.93,568797467.62,2022-08-31T23:59:59.999Z
6/30/22 10:00,2022-07-31T23:59:59.999Z,7/2/22 7:21,7/8/22 19:29,2781,1814.8442900000,1816.2990760000,1682.0664960000,1762.634089000,647108732.86,598744176.63,2022-07-31T23:59:59.999Z
5/31/22 10:00,2022-06-30T23:59:59.999Z,6/5/22 7:54,6/5/22 21:24,2781,1838.195542000,1891.3162700000,1806.6113470000,1814.8082110000,971587776.65,605529963.89,2022-06-30T23:59:59.999Z
4/30/22 10:00,2022-05-31T23:59:59.999Z,4/30/22 15:13,5/7/22 0:00,2781,1901.2770010000,1907.5617730000,1794.3606490000,1838.105941000,900329619.5,613194592.11,2022-05-31T23:59:59.999Z
3/31/22 10:00,2022-04-30T23:59:59.999Z,4/7/22 12:06,4/11/22 21:45,2781,1934.5484480000,2000.2375280000,1882.8889090000,1901.5959740000,1255888337.45,620758151.69,2022-04-30T23:59:59.999Z
2/28/22 10:00,2022-03-31T23:59:59.999Z,3/3/22 15:11,2/28/22 12:31,2781,1896.4278620000,2071.9255850000,1891.5884730000,1934.3636360000,1579665663.67,616066653.87,2022-03-31T23:59:59.999Z
1/31/22 10:00,2022-02-28T23:59:59.999Z,2/10/22 3:13,2/1/22 11:01,2781,1806.3695080000,2067.6912050000,1799.4649380000,1896.8333920000,1216336846.3,525763661.32,2022-02-28T23:59:59.999Z
12/31/21 10:00,2022-01-31T23:59:59.999Z,1/10/22 19:20,1/3/22 1:45,2781,1834.042264000,1862.7566080000,1789.7955300000,1806.4495270000,364750786.15,354599146.93,2022-01-31T23:59:59.999Z
11/30/21 10:00,2021-12-31T23:59:59.999Z,12/12/21 23:37,12/14/21 15:33,2781,1776.469137000,1839.4797610000,1759.3796800000,1833.609089000,538471048.69,326302032.46,2021-12-31T23:59:59.999Z
10/31/21 10:00,2021-11-30T23:59:59.999Z,11/12/21 23:39,11/8/21 12:00,2781,1779.8950650000,3127.1158420000,1764.6967940000,1776.7241790000,845179058.52,318284901.28,2021-11-30T23:59:59.999Z
9/30/21 10:00,2021-10-31T23:59:59.999Z,10/16/21 8:26,10/9/21 21:15,2781,1763.3041830000,1819.0924470000,1753.6059950000,1779.9618140000,407784504.97,317675621.46,2021-10-31T23:59:59.999Z
8/31/21 10:00,2021-09-30T23:59:59.999Z,9/20/21 20:21,9/18/21 13:09,2781,1817.03903000,1847.3586010,1730.7413000000,1762.3388940000,443238238.54,313857170.05,2021-09-30T23:59:59.999Z
7/31/21 10:00,2021-08-31T23:59:59.999Z,8/13/21 19:38,8/8/21 11:21,2781,1819.22818900,1835.69443600,1703.49393300,1816.96266100,427554643.16,328662671.91,2021-08-31T23:59:59.999Z
6/30/21 10:00,2021-07-31T23:59:59.999Z,7/13/21 17:06,7/5/21 16:25,2781,1777.61839100,1839.07038600,1772.21439200,1820.98159600,478564151.6,305599034.35,2021-07-31T23:59:59.999Z
5/31/21 10:00,2021-06-30T23:59:59.999Z,6/7/21 17:53,6/19/21 12:45,2781,1917.9631700,1922.3745480,1758.18834100,1777.64960000,625528514.47,106945177.57,2021-06-30T23:59:59.999Z
4/30/21 10:00,2021-05-31T23:59:59.999Z,5/12/21 8:23,5/7/21 22:21,2781,1784.51196500,2035.11814100,1779.18335300,1919.00198000,1066303910.58,115449078.1,2021-05-31T23:59:59.999Z
3/31/21 10:00,2021-04-30T23:59:59.999Z,4/14/21 20:12,4/7/21 10:02,2781,1716.22194400,1846.14016700,1715.70182500,1785.07329000,451551015.45,107391794.21,2021-04-30T23:59:59.999Z
2/28/21 10:00,2021-03-31T23:59:59.999Z,3/6/21 17:44,3/20/21 5:57,2781,1748.19738800,1769.74856200,1692.92008200,1716.32277000,243884802.18,103255694.16,2021-03-31T23:59:59.999Z
1/31/21 10:00,2021-02-28T23:59:59.999Z,2/6/21 13:36,2/21/21 21:00,2781,1873.79114200,1881.57799500,1732.6811630,1747.42269000,296657578.91,123932821.16,2021-02-28T23:59:59.999Z
12/31/20 10:00,2021-01-31T23:59:59.999Z,1/8/21 4:25,1/13/21 9:56,2781,1929.66141500,2077.02682600,1832.73986600,1873.1118070,324923030.38,112688515.43,2021-01-31T23:59:59.999Z
11/30/20 10:00,2020-12-31T23:59:59.999Z,12/16/20 18:20,12/5/20 10:47,2781,1788.14292900,1940.01375500,1785.60260300,1930.47280400,68962545.64,76044655.76,2020-12-31T23:59:59.999Z
10/31/20 10:00,2020-11-30T23:59:59.999Z,11/9/20 20:06,11/17/20 18:33,2781,1898.77767000,1980.92043500,1766.96136500,1788.48147700,72291779.66,74021889.58,2020-11-30T23:59:59.999Z
9/30/20 10:00,2020-10-31T23:59:59.999Z,2020-10-21T15:00:45.000Z,10/18/20 12:20,2781,1880.67378600,1947.12836800,1874.88180000,1898.77766200,55635687.52,71122773.13,2020-10-31T23:59:59.999Z
8/31/20 10:00,2020-09-30T23:59:59.999Z,9/12/20 13:20,9/7/20 12:40,2781,1832.2263390,2069.31206500,1814.3034390,1880.54223200,47290577.62,61398141.13,2020-09-30T23:59:59.999Z
7/31/20 10:00,2020-08-31T23:59:59.999Z,9/9/20 16:14,8/22/20 2:57,2781,1976.76368100,2233.45087200,17.77324800,1833.87520200,33008274,55577731.82,2020-08-31T23:59:59.999Z
6/30/20 10:00,2020-07-31T23:59:59.999Z,7/23/20 4:25,8/1/20 23:35,2781,1790.92785000,2001.12672900,1761.26190200,1986.94356000,1150057.39,51440285.83,2020-07-31T23:59:59.999Z
5/31/20 10:00,2020-06-30T23:59:59.999Z,6/28/20 1:45,6/11/20 0:13,2781,1750.21691500,1842.39335800,1673.31727900,1790.04742600,1148649.07,49945727.86,2020-06-30T23:59:59.999Z
4/30/20 10:00,2020-05-31T23:59:59.999Z,5/18/20 23:08,5/18/20 16:43,2781,1697.92315600,2359.13935700,1656.4989480,1749.81006000,357726.87,48124137.17,2020-05-31T23:59:59.999Z
3/31/20 10:00,2020-04-30T23:59:59.999Z,4/20/20 7:54,4/18/20 12:44,2781,1644.36504700,3487.68483300,1606.97752100,1697.92315600,622723.82,43292109.71,2020-04-30T23:59:59.999Z
2/29/20 10:00,2020-03-31T23:59:59.999Z,3/17/20 10:02,3/21/20 12:40,2781,1621.3520930,1755.43168900,1439.44525600,1644.36504700,1688564.67,28107205.74,2020-03-31T23:59:59.999Z
1/31/20 10:00,2020-02-29T23:59:59.999Z,2/20/20 0:40,2/21/20 18:06,2781,1593.99461300,1769.72607600,1528.83515800,1621.63277300,1161994.69,18140258.8,2020-02-29T23:59:59.999Z
12/31/19 10:00,2020-01-31T23:59:59.999Z,1/12/20 21:31,1/16/20 1:59,2781,1531.58507300,1631.5156160,1505.03059800,1596.10354600,301042.73,15310805.22,2020-01-31T23:59:59.999Z
11/30/19 10:00,2019-12-31T23:59:59.999Z,12/23/19 10:52,12/21/19 11:12,2781,1466.14119000,1578.09366500,1401.68496500,1532.91635800,298000.37,12883683.72,2019-12-31T23:59:59.999Z
10/31/19 10:00,2019-11-30T23:59:59.999Z,11/23/19 22:11,11/13/19 15:13,2781,1494.48694600,1603.89857900,1410.71160100,1467.6111610,275234.43,5861694.75,2019-11-30T23:59:59.999Z
9/30/19 10:00,2019-10-31T23:59:59.999Z,10/15/19 20:42,10/24/19 5:44,2781,1509.46251600,1559.06350900,1387.97650300,1493.36231500,879891.41,0,2019-10-31T23:59:59.999Z
